{
  "astralsorcery:root": {
    "criteria": {
      "astralsorcery_present": "2018-12-26 22:27:38 +0900"
    },
    "done": true
  },
  "enderio:root": {
    "criteria": {
      "location": "2018-12-26 22:27:50 +0900"
    },
    "done": true
  },
  "minecraft:recipes/decorations/chest": {
    "criteria": {
      "has_lots_of_items": "2018-12-26 22:27:19 +0900"
    },
    "done": true
  },
  "minecraft:adventure/adventuring_time": {
    "criteria": {
      "plains": "2018-12-26 22:27:25 +0900"
    },
    "done": false
  }
}