{"stat.chestOpened":3,"stat.walkOneCm":83065,"stat.leaveGame":2,"stat.useItem.immersivepetroleum.schematic":2,"stat.drop.minecraft.rotten_flesh":1,"stat.useItem.immersiveengineering.connector":1,"stat.drop.extrautils2.ingredients":7,"stat.useItem.immersiveengineering.sheetmetal":3,"stat.useItem.thaumicenergistics.essentia_export":1,"stat.useItem.minecraft.lava_bucket":2,"stat.pickup.minecraft.gold_nugget":10,"stat.pickup.extrautils2.ingredients":66,"stat.useItem.thaumcraft.salis_mundus":1,"stat.pickup.minecraft.string":12,"stat.jump":460,"stat.fallOneCm":478,"stat.pickup.minecraft.iron_ingot":1,"stat.pickup.minecraft.beef":570,"stat.pickup.minecraft.carrot":2,"stat.crouchOneCm":2078,"stat.pickup.minecraft.sapling":1,"stat.pickup.minecraft.red_mushroom":1,"stat.sprintOneCm":29204,"stat.useItem.minecraft.stone_slab2":272,"stat.drop.minecraft.leather":64,"stat.pickup.forge.bucketfilled":11,"stat.pickup.minecraft.rotten_flesh":125,"stat.useItem.thaumcraft.tube":19,"stat.drop.minecraft.nether_brick":1,"stat.pickup.minecraft.grass":1,"stat.pickup.minecraft.leather":288,"stat.pickup.immersiveengineering.sheetmetal":2,"stat.pickup.minecraft.pumpkin_seeds":1,"stat.pickup.minecraft.dye":16,"stat.useItem.thaumcraft.label":8,"stat.pickup.minecraft.reeds":1,"stat.flyOneCm":129866,"stat.pickup.minecraft.brown_mushroom":1,"stat.pickup.minecraft.wheat_seeds":1,"stat.drop":30,"stat.pickup.minecraft.potato":1,"stat.playOneMinute":204496,"stat.useItem.appliedenergistics2.part":15,"stat.pickup.minecraft.cactus":1,"stat.useItem.minecraft.nether_brick":10,"stat.sneakTime":2200,"stat.pickup.minecraft.lava_bucket":1,"stat.damageDealt":180,"stat.drop.minecraft.gold_ingot":128,"stat.drop.minecraft.beef":64,"stat.timeSinceDeath":204496,"stat.drop.minecraft.shulker_shell":127,"stat.pickup.minecraft.ice":2,"stat.useItem.minecraft.spawn_egg":18,"stat.pickup.minecraft.shulker_shell":195,"stat.useItem.tinymobfarm.lasso":3}