{"stat.chestOpened":4,"stat.walkOneCm":142224,"stat.useItem.immersiveengineering.tool":13,"stat.useItem.immersivepetroleum.schematic":5,"stat.leaveGame":3,"stat.pickup.contenttweaker.alkaline_battery":1,"stat.pickup.thermalfoundation.material":1,"stat.useItem.minecraft.lava_bucket":4,"stat.pickup.contenttweaker.block_bloom":1,"stat.drop.thermalfoundation.material":1,"stat.talkedToVillager":4,"stat.pickup.immersiveengineering.metal_decoration0":3,"stat.pickup.contenttweaker.industrial_steel":1,"stat.useItem.immersiveengineering.metal_decoration0":53,"stat.jump":507,"stat.fallOneCm":1822,"stat.useItem.minecraft.item_frame":2,"stat.craftItem.contenttweaker.industrial_steel":1,"stat.crouchOneCm":277,"stat.pickup.thermalfoundation.storage":1,"stat.pickup.enderio.block_cap_bank":2,"stat.pickup.minecraft.dirt":56,"stat.sprintOneCm":41658,"stat.useItem.minecraft.diamond_block":26,"stat.useItem.minecraft.stone_slab2":137,"stat.pickup.contenttweaker.hots":1,"stat.damageTaken":350,"stat.pickup.contenttweaker.bloom":1,"stat.useItem.contenttweaker.block_bloom":8,"stat.flyOneCm":950104,"stat.drop.enderio.block_cap_bank":2,"stat.drop":3,"stat.useItem.forge.bucketfilled":1,"stat.playOneMinute":234857,"stat.pickup.thermalfoundation.storage_alloy":1,"stat.sneakTime":1376,"stat.pickup.minecraft.diamond_block":1,"stat.pickup.minecraft.lava_bucket":1,"stat.damageDealt":40,"stat.pickup.thermalexpansion.morb":5,"stat.pickup.minecraft.item_frame":4,"stat.timeSinceDeath":234857,"stat.useItem.chisel.blocksteel":25,"stat.diveOneCm":5174}