{"stat.chestOpened":1,"stat.flyOneCm":126110,"stat.pickup.minecraft.lever":1,"stat.walkOneCm":22824,"stat.jump":72,"stat.swimOneCm":294,"stat.playOneMinute":91128,"stat.useItem.minecraft.lever":5,"stat.pickup.contenttweaker.obsidian_prime":2,"stat.useItem.minecraft.redstone":16,"stat.useItem.chisel.obsidian":6,"stat.sneakTime":24,"stat.pickup.minecraft.redstone":1,"stat.pickup.projectred-integration.gate":1,"stat.crouchOneCm":25,"stat.timeSinceDeath":91128,"stat.useItem.projectred-integration.gate":10,"stat.sprintOneCm":12761,"stat.useItem.minecraft.stone_slab2":28}