{"stat.chestOpened":3,"stat.walkOneCm":63287,"stat.leaveGame":2,"stat.useItem.immersivepetroleum.schematic":2,"stat.useItem.immersiveengineering.connector":1,"stat.drop.extrautils2.ingredients":7,"stat.useItem.immersiveengineering.sheetmetal":3,"stat.useItem.thaumicenergistics.essentia_export":1,"stat.useItem.minecraft.lava_bucket":2,"stat.pickup.extrautils2.ingredients":66,"stat.useItem.thaumcraft.salis_mundus":1,"stat.pickup.minecraft.string":12,"stat.jump":351,"stat.fallOneCm":209,"stat.pickup.minecraft.iron_ingot":1,"stat.pickup.minecraft.carrot":2,"stat.crouchOneCm":1568,"stat.pickup.minecraft.sapling":1,"stat.pickup.minecraft.red_mushroom":1,"stat.sprintOneCm":22502,"stat.useItem.minecraft.stone_slab2":261,"stat.pickup.forge.bucketfilled":11,"stat.pickup.minecraft.rotten_flesh":93,"stat.useItem.thaumcraft.tube":19,"stat.drop.minecraft.nether_brick":1,"stat.pickup.minecraft.grass":1,"stat.pickup.immersiveengineering.sheetmetal":2,"stat.pickup.minecraft.pumpkin_seeds":1,"stat.pickup.minecraft.dye":16,"stat.useItem.thaumcraft.label":8,"stat.pickup.minecraft.reeds":1,"stat.flyOneCm":120572,"stat.pickup.minecraft.brown_mushroom":1,"stat.pickup.minecraft.wheat_seeds":1,"stat.drop":27,"stat.playOneMinute":174507,"stat.useItem.appliedenergistics2.part":15,"stat.pickup.minecraft.cactus":1,"stat.useItem.minecraft.nether_brick":8,"stat.sneakTime":1908,"stat.pickup.minecraft.lava_bucket":1,"stat.damageDealt":72,"stat.drop.minecraft.gold_ingot":128,"stat.timeSinceDeath":174507,"stat.drop.minecraft.shulker_shell":127,"stat.pickup.minecraft.ice":2,"stat.useItem.minecraft.spawn_egg":11,"stat.pickup.minecraft.shulker_shell":141,"stat.useItem.tinymobfarm.lasso":1}