{"stat.chestOpened":1,"stat.useItem.immersiveengineering.tool":31,"stat.leaveGame":1,"stat.useItem.immersiveengineering.metal_decoration1":1,"stat.pickup.immersiveengineering.metal_decoration1":1,"stat.jump":272,"stat.swimOneCm":175,"stat.drop.enderio.block_reservoir":1,"stat.crouchOneCm":3224,"stat.useItem.projectred-integration.gate":16,"stat.useItem.minecraft.dirt":21,"stat.pickup.minecraft.red_mushroom":1,"stat.useItem.minecraft.stone_slab2":263,"stat.useItem.minecraft.water_bucket":3,"stat.pickup.minecraft.sand":284,"stat.useItem.enderio.item_liquid_conduit":181,"stat.dispenserInspected":12,"stat.pickup.minecraft.dye":78,"stat.pickup.minecraft.reeds":1,"stat.flyOneCm":87023,"stat.pickup.minecraft.soul_sand":5,"stat.drop.industrialforegoing.infinity_drill":1,"stat.pickup.minecraft.brown_mushroom":1,"stat.pickup.minecraft.wheat_seeds":1,"stat.pickup.minecraft.cactus":1,"stat.useItem.immersiveengineering.metal_device1":25,"stat.timeSinceDeath":139052,"stat.hopperInspected":7,"stat.pickup.minecraft.ice":2,"stat.pickup.exnihilocreatio.item_mesh":1,"stat.walkOneCm":82638,"stat.pickup.immersiveengineering.seed":1,"stat.pickup.projectred-transmission.wire":4,"stat.useItem.immersivepetroleum.schematic":4,"stat.useItem.immersiveengineering.connector":13,"stat.drop.minecraft.mycelium":1,"stat.useItem.projectred-transmission.wire":22,"stat.pickup.minecraft.string":12,"stat.pickup.minecraft.sapling":1,"stat.sprintOneCm":11958,"stat.pickup.minecraft.grass":1,"stat.useItem.enderio.item_power_conduit":30,"stat.pickup.minecraft.pumpkin_seeds":1,"stat.pickup.minecraft.quartz":17,"stat.craftItem.enderio.block_tank":3,"stat.pickup.minecraft.mycelium":1,"stat.drop":3,"stat.playOneMinute":139052,"stat.sneakTime":3508,"stat.pickup.minecraft.lava_bucket":1,"stat.pickup.minecraft.yellow_flower":3,"stat.useItem.enderio.item_item_conduit":68}