{
  "minecraft:recipes/building_blocks/pink_concrete_powder": {
    "criteria": {
      "has_sand": "2019-01-16 15:09:24 +0900"
    },
    "done": true
  },
  "minecraft:recipes/redstone/noteblock": {
    "criteria": {
      "has_redstone": "2019-01-17 15:52:40 +0900"
    },
    "done": true
  },
  "minecraft:recipes/building_blocks/red_concrete_powder": {
    "criteria": {
      "has_sand": "2019-01-16 15:09:24 +0900"
    },
    "done": true
  },
  "enderioconduits:fluid/2_fluid_conduit_pressurized": {
    "criteria": {
      "inv_changed-enderio:liquid_conduit_pressurized": "2019-01-16 15:35:11 +0900"
    },
    "done": true
  },
  "minecraft:recipes/building_blocks/granite": {
    "criteria": {
      "has_quartz": "2019-01-16 15:14:00 +0900"
    },
    "done": true
  },
  "minecraft:recipes/building_blocks/purple_concrete_powder": {
    "criteria": {
      "has_sand": "2019-01-16 15:09:24 +0900"
    },
    "done": true
  },
  "minecraft:recipes/tools/compass": {
    "criteria": {
      "has_redstone": "2019-01-17 15:52:40 +0900"
    },
    "done": true
  },
  "minecraft:recipes/building_blocks/magenta_concrete_powder": {
    "criteria": {
      "has_sand": "2019-01-16 15:09:24 +0900"
    },
    "done": true
  },
  "minecraft:recipes/misc/magenta_dye_from_lapis_ink_bonemeal": {
    "criteria": {
      "has_bonemeal": "2019-01-16 16:01:36 +0900"
    },
    "done": true
  },
  "minecraft:recipes/redstone/observer": {
    "criteria": {
      "has_quartz": "2019-01-16 15:14:00 +0900"
    },
    "done": true
  },
  "minecraft:recipes/redstone/comparator": {
    "criteria": {
      "has_quartz": "2019-01-16 15:14:00 +0900"
    },
    "done": true
  },
  "minecraft:recipes/misc/light_blue_dye_from_lapis_bonemeal": {
    "criteria": {
      "has_bonemeal": "2019-01-16 16:01:36 +0900"
    },
    "done": true
  },
  "minecraft:recipes/building_blocks/lime_concrete_powder": {
    "criteria": {
      "has_sand": "2019-01-16 15:09:24 +0900"
    },
    "done": true
  },
  "minecraft:recipes/building_blocks/quartz_block": {
    "criteria": {
      "has_quartz": "2019-01-16 15:14:00 +0900"
    },
    "done": true
  },
  "minecraft:recipes/building_blocks/yellow_concrete_powder": {
    "criteria": {
      "has_sand": "2019-01-16 15:09:24 +0900"
    },
    "done": true
  },
  "minecraft:recipes/brewing/cauldron": {
    "criteria": {
      "has_water_bucket": "2019-01-12 22:44:21 +0900"
    },
    "done": true
  },
  "enderioconduits:item/2_basic_filter": {
    "criteria": {
      "inv_changed-enderio:item_basic_item_filter": "2019-01-16 15:32:53 +0900"
    },
    "done": true
  },
  "minecraft:recipes/misc/gray_dye": {
    "criteria": {
      "has_bonemeal": "2019-01-16 16:01:36 +0900"
    },
    "done": true
  },
  "minecraft:adventure/adventuring_time": {
    "criteria": {
      "extreme_hills_with_trees": "2019-01-17 15:50:03 +0900",
      "plains": "2019-01-12 22:35:57 +0900",
      "extreme_hills": "2019-01-12 22:36:56 +0900"
    },
    "done": false
  },
  "minecraft:recipes/building_blocks/sandstone": {
    "criteria": {
      "has_sand": "2019-01-16 15:09:24 +0900"
    },
    "done": true
  },
  "minecraft:recipes/misc/light_gray_dye_from_gray_bonemeal": {
    "criteria": {
      "has_bonemeal": "2019-01-16 16:01:36 +0900"
    },
    "done": true
  },
  "immersiveengineering:main/craft_hammer": {
    "criteria": {
      "craft_hammer": "2019-01-16 15:22:38 +0900"
    },
    "done": true
  },
  "minecraft:recipes/redstone/redstone_torch": {
    "criteria": {
      "has_redstone": "2019-01-17 15:52:40 +0900"
    },
    "done": true
  },
  "enderioconduits:goals/all_conduits": {
    "criteria": {
      "inv_changed-enderio:liquid_conduit2": "2019-01-12 22:44:21 +0900",
      "inv_changed-enderio:liquid_conduit_pressurized2": "2019-01-16 15:35:11 +0900",
      "inv_changed-enderio:power_conduit2": "2019-01-16 15:11:35 +0900",
      "inv_changed-enderio:item_conduit2": "2019-01-12 22:49:06 +0900",
      "inv_changed-enderio:liquid_conduit_ender2": "2019-01-16 15:35:34 +0900"
    },
    "done": false
  },
  "minecraft:recipes/decorations/chest": {
    "criteria": {
      "has_lots_of_items": "2019-01-12 22:47:34 +0900"
    },
    "done": true
  },
  "minecraft:recipes/transportation/birch_boat": {
    "criteria": {
      "entered_water": "2019-01-16 15:24:32 +0900"
    },
    "done": true
  },
  "enderioconduits:fluid/1_fluid_conduit": {
    "criteria": {
      "inv_changed-enderio:liquid_conduit": "2019-01-12 22:44:21 +0900"
    },
    "done": true
  },
  "minecraft:recipes/building_blocks/brown_concrete_powder": {
    "criteria": {
      "has_sand": "2019-01-16 15:09:24 +0900"
    },
    "done": true
  },
  "minecraft:recipes/building_blocks/green_concrete_powder": {
    "criteria": {
      "has_sand": "2019-01-16 15:09:24 +0900"
    },
    "done": true
  },
  "minecraft:recipes/misc/light_gray_dye_from_ink_bonemeal": {
    "criteria": {
      "has_bonemeal": "2019-01-16 16:01:36 +0900"
    },
    "done": true
  },
  "minecraft:recipes/misc/red_dye_from_poppy": {
    "criteria": {
      "has_red_flower": "2019-01-16 15:33:11 +0900"
    },
    "done": true
  },
  "minecraft:recipes/transportation/acacia_boat": {
    "criteria": {
      "entered_water": "2019-01-16 15:24:32 +0900"
    },
    "done": true
  },
  "minecraft:recipes/transportation/boat": {
    "criteria": {
      "entered_water": "2019-01-16 15:24:32 +0900"
    },
    "done": true
  },
  "minecraft:recipes/transportation/jungle_boat": {
    "criteria": {
      "entered_water": "2019-01-16 15:24:32 +0900"
    },
    "done": true
  },
  "minecraft:recipes/misc/yellow_dye_from_dandelion": {
    "criteria": {
      "has_yellow_flower": "2019-01-16 15:40:19 +0900"
    },
    "done": true
  },
  "minecraft:recipes/misc/bowl": {
    "criteria": {
      "has_red_mushroom": "2019-01-16 14:58:59 +0900"
    },
    "done": true
  },
  "minecraft:recipes/transportation/spruce_boat": {
    "criteria": {
      "entered_water": "2019-01-16 15:24:32 +0900"
    },
    "done": true
  },
  "minecraft:recipes/building_blocks/diorite": {
    "criteria": {
      "has_quartz": "2019-01-16 15:14:00 +0900"
    },
    "done": true
  },
  "minecraft:recipes/building_blocks/white_concrete_powder": {
    "criteria": {
      "has_sand": "2019-01-16 15:09:24 +0900"
    },
    "done": true
  },
  "minecraft:recipes/building_blocks/blue_concrete_powder": {
    "criteria": {
      "has_sand": "2019-01-16 15:09:24 +0900"
    },
    "done": true
  },
  "minecraft:recipes/misc/pink_dye_from_red_bonemeal": {
    "criteria": {
      "has_bonemeal": "2019-01-16 16:01:36 +0900"
    },
    "done": true
  },
  "minecraft:recipes/tools/clock": {
    "criteria": {
      "has_redstone": "2019-01-17 15:52:40 +0900"
    },
    "done": true
  },
  "minecraft:recipes/building_blocks/gray_concrete_powder": {
    "criteria": {
      "has_sand": "2019-01-16 15:09:24 +0900"
    },
    "done": true
  },
  "minecraft:recipes/redstone/daylight_detector": {
    "criteria": {
      "has_quartz": "2019-01-16 15:14:00 +0900"
    },
    "done": true
  },
  "minecraft:recipes/transportation/dark_oak_boat": {
    "criteria": {
      "entered_water": "2019-01-16 15:24:32 +0900"
    },
    "done": true
  },
  "enderioconduits:item/1_item_conduit": {
    "criteria": {
      "inv_changed-enderio:item_conduit": "2019-01-12 22:49:06 +0900"
    },
    "done": true
  },
  "enderioconduits:goals/all_filters": {
    "criteria": {
      "inv_changed-enderio:item_basic_item_filter2": "2019-01-16 15:32:53 +0900"
    },
    "done": false
  },
  "minecraft:recipes/redstone/piston": {
    "criteria": {
      "has_redstone": "2019-01-17 15:52:40 +0900"
    },
    "done": true
  },
  "minecraft:recipes/building_blocks/black_concrete_powder": {
    "criteria": {
      "has_sand": "2019-01-16 15:09:24 +0900"
    },
    "done": true
  },
  "minecraft:recipes/misc/bone_meal_from_block": {
    "criteria": {
      "has_the_recipe": "2019-01-16 16:01:36 +0900"
    },
    "done": true
  },
  "enderioconduits:energy/1_energy_conduit": {
    "criteria": {
      "inv_changed-enderio:power_conduit": "2019-01-16 15:11:35 +0900"
    },
    "done": true
  },
  "minecraft:recipes/redstone/dropper": {
    "criteria": {
      "has_redstone": "2019-01-17 15:52:40 +0900"
    },
    "done": true
  },
  "enderioconduits:root": {
    "criteria": {
      "inv_changed-enderio:sand": "2019-01-16 15:09:24 +0900"
    },
    "done": false
  },
  "minecraft:recipes/building_blocks/light_gray_concrete_powder": {
    "criteria": {
      "has_sand": "2019-01-16 15:09:24 +0900"
    },
    "done": true
  },
  "minecraft:recipes/building_blocks/light_blue_concrete_powder": {
    "criteria": {
      "has_sand": "2019-01-16 15:09:24 +0900"
    },
    "done": true
  },
  "minecraft:recipes/building_blocks/orange_concrete_powder": {
    "criteria": {
      "has_sand": "2019-01-16 15:09:24 +0900"
    },
    "done": true
  },
  "minecraft:recipes/misc/lime_dye": {
    "criteria": {
      "has_bonemeal": "2019-01-16 16:01:36 +0900"
    },
    "done": true
  },
  "minecraft:recipes/building_blocks/cyan_concrete_powder": {
    "criteria": {
      "has_sand": "2019-01-16 15:09:24 +0900"
    },
    "done": true
  },
  "minecraft:recipes/building_blocks/bone_block": {
    "criteria": {
      "has_at_least_9_bonemeal": "2019-01-16 16:01:36 +0900"
    },
    "done": true
  },
  "enderioconduits:fluid/3_fluid_conduit_ender": {
    "criteria": {
      "inv_changed-enderio:liquid_conduit_ender": "2019-01-16 15:35:34 +0900"
    },
    "done": true
  }
}