{"stat.chestOpened":3,"stat.walkOneCm":32191,"stat.leaveGame":2,"stat.useItem.thaumicenergistics.essentia_export":1,"stat.useItem.minecraft.lava_bucket":1,"stat.useItem.thaumcraft.salis_mundus":1,"stat.pickup.minecraft.string":12,"stat.jump":173,"stat.crouchOneCm":1214,"stat.pickup.minecraft.sapling":1,"stat.pickup.minecraft.red_mushroom":1,"stat.sprintOneCm":10588,"stat.useItem.minecraft.stone_slab2":234,"stat.pickup.forge.bucketfilled":10,"stat.useItem.thaumcraft.tube":18,"stat.pickup.minecraft.grass":1,"stat.pickup.minecraft.pumpkin_seeds":1,"stat.pickup.minecraft.dye":16,"stat.useItem.thaumcraft.label":8,"stat.pickup.minecraft.reeds":1,"stat.flyOneCm":29118,"stat.pickup.minecraft.brown_mushroom":1,"stat.pickup.minecraft.wheat_seeds":1,"stat.playOneMinute":88725,"stat.useItem.appliedenergistics2.part":15,"stat.pickup.minecraft.cactus":1,"stat.sneakTime":1404,"stat.pickup.minecraft.lava_bucket":1,"stat.damageDealt":72,"stat.timeSinceDeath":88725,"stat.pickup.minecraft.ice":2,"stat.useItem.minecraft.spawn_egg":3}